<?xml version="1.0" encoding="utf-8"?>
<LinearLayout
    xmlns:android="http://schemas.android.com/apk/res/android"
    xmlns:app="http://schemas.android.com/apk/res-auto"
    xmlns:tools="http://schemas.android.com/tools"
    android:layout_width="match_parent"
    android:layout_height="match_parent"
    android:orientation="vertical"
    tools:context=".MainActivity">

    <androidx.cardview.widget.CardView
        android:layout_width="match_parent"
        android:layout_height="158dp"
        app:cardCornerRadius="8dp"
        android:layout_marginTop="15dp"
        android:layout_marginLeft="15dp"
        android:layout_marginRight="15dp">
        <LinearLayout
            android:layout_width="match_parent"
            android:layout_height="match_parent"
            android:background="@drawable/bg1"
            android:orientation="vertical">
            <LinearLayout
                android:layout_width="match_parent"
                android:layout_height="wrap_content"
                android:layout_marginLeft="30dp"
                android:layout_marginRight="30dp"
                android:layout_marginTop="50dp"
                android:orientation="horizontal">
                <LinearLayout
                    android:layout_width="wrap_content"
                    android:layout_height="wrap_content"
                    android:orientation="vertical">
                    <TextView
                        android:layout_width="wrap_content"
                        android:layout_height="wrap_content"
                        android:text="2m"
                        android:textSize="30dp"
                        android:textStyle="bold"
                        android:textColor="#ffff"/>
                    <TextView
                        android:layout_width="wrap_content"
                        android:layout_height="wrap_content"
                        android:text="Ketinggian Muka Air"
                        android:textSize="15dp"
                        android:textColor="#ffff"/>
                </LinearLayout>
                <RelativeLayout
                    android:layout_width="match_parent"
                    android:layout_height="match_parent">

                    <ImageView
                        android:layout_width="wrap_content"
                        android:layout_height="wrap_content"
                        android:layout_alignParentRight="true"
                        android:layout_marginRight="-8dp"
                        android:src="@drawable/growth" />
                </RelativeLayout>

            </LinearLayout>

        </LinearLayout>

    </androidx.cardview.widget.CardView>

    <androidx.cardview.widget.CardView
        android:layout_width="match_parent"
        android:layout_height="158dp"
        app:cardCornerRadius="8dp"
        android:layout_marginTop="15dp"
        android:layout_marginLeft="15dp"
        android:layout_marginRight="15dp">
        <LinearLayout
            android:layout_width="match_parent"
            android:layout_height="match_parent"
            android:background="@drawable/bg3"
            android:orientation="vertical">
            <LinearLayout
                android:layout_width="match_parent"
                android:layout_height="wrap_content"
                android:layout_marginLeft="30dp"
                android:layout_marginRight="30dp"
                android:layout_marginTop="50dp"
                android:orientation="horizontal">
                <LinearLayout
                    android:layout_width="wrap_content"
                    android:layout_height="wrap_content"
                    android:orientation="vertical">
                    <TextView
                        android:layout_width="wrap_content"
                        android:layout_height="wrap_content"
                        android:text="1"
                        android:textStyle="bold"
                        android:textSize="30dp"
                        android:textColor="#ffff"/>
                    <TextView
                        android:layout_width="wrap_content"
                        android:layout_height="wrap_content"
                        android:text="Curah Hujan"
                        android:textSize="15dp"
                        android:textColor="#ffff"/>
                </LinearLayout>
                <RelativeLayout
                    android:layout_width="match_parent"
                    android:layout_height="match_parent">

                    <ImageView
                        android:layout_width="wrap_content"
                        android:layout_height="wrap_content"
                        android:layout_alignParentRight="true"
                        android:layout_marginRight="-51dp"
                        android:src="@drawable/water" />
                </RelativeLayout>

            </LinearLayout>

        </LinearLayout>

    </androidx.cardview.widget.CardView>

    <androidx.cardview.widget.CardView
        android:layout_width="match_parent"
        android:layout_height="158dp"
        app:cardCornerRadius="8dp"
        android:layout_marginTop="15dp"
        android:layout_marginLeft="15dp"
        android:layout_marginRight="15dp">
        <LinearLayout
            android:layout_width="match_parent"
            android:layout_height="match_parent"
            android:background="@drawable/bg2"
            android:orientation="vertical">
            <LinearLayout
                android:layout_width="match_parent"
                android:layout_height="wrap_content"
                android:layout_marginLeft="30dp"
                android:layout_marginRight="30dp"
                android:layout_marginTop="50dp"
                android:orientation="horizontal">
                <LinearLayout
                    android:layout_width="wrap_content"
                    android:layout_height="wrap_content"
                    android:orientation="vertical">
                    <TextView
                        android:layout_width="wrap_content"
                        android:layout_height="wrap_content"
                        android:text="2m"
                        android:textSize="30dp"
                        android:textStyle="bold"
                        android:textColor="#ffff"/>
                    <TextView
                        android:layout_width="wrap_content"
                        android:layout_height="wrap_content"
                        android:text="Debit Air"
                        android:textSize="15dp"
                        android:textColor="#ffff"/>
                </LinearLayout>
                <RelativeLayout
                    android:layout_width="match_parent"
                    android:layout_height="match_parent">

                    <ImageView
                        android:layout_width="wrap_content"
                        android:layout_height="wrap_content"
                        android:layout_alignParentRight="true"
                        android:layout_marginRight="-82dp"
                        android:src="@drawable/wave" />
                </RelativeLayout>

            </LinearLayout>

        </LinearLayout>

    </androidx.cardview.widget.CardView>

    <androidx.cardview.widget.CardView
        android:layout_width="match_parent"
        android:layout_height="158dp"
        app:cardCornerRadius="8dp"
        android:layout_marginTop="15dp"
        android:layout_marginLeft="15dp"
        android:layout_marginRight="15dp">
        <LinearLayout
            android:layout_width="match_parent"
            android:layout_height="match_parent"
            android:background="@drawable/bg4"
            android:orientation="vertical">
            <LinearLayout
                android:layout_width="match_parent"
                android:layout_height="wrap_content"
                android:layout_marginLeft="30dp"
                android:layout_marginRight="30dp"
                android:layout_marginTop="50dp"
                android:orientation="horizontal">
                <LinearLayout
                    android:layout_width="wrap_content"
                    android:layout_height="wrap_content"
                    android:orientation="vertical">
                    <TextView
                        android:layout_width="wrap_content"
                        android:layout_height="wrap_content"
                        android:text="AMAN!"
                        android:textSize="30dp"
                        android:textStyle="bold"
                        android:textColor="#ffff"/>
                    <TextView
                        android:layout_width="wrap_content"
                        android:layout_height="wrap_content"
                        android:text="Status"
                        android:textSize="15dp"
                        android:textColor="#ffff"/>
                </LinearLayout>
            </LinearLayout>

        </LinearLayout>

    </androidx.cardview.widget.CardView>

</LinearLayout>